,Klist,test,train
0,1,19588.5629329,20765.5594447
1,2,20123.1382149,25965.5006709
