,Klist,test,train
0,43,28429.0209351,31946.4017999
1,48,28663.233077,32328.334961
