,Klist,test,train
0,34,29323.0658686,32336.2190663
